Ingest Duration,Examine Duration,Audit Duration,Backup Duration,Anonymize Duration,Redact Duration,Export Duration,Total Time,Total Instances,Overall Rate,Ingest Rate,Export Rate,Phase
1.8063960075378418,5.3882598876953125e-05,0.9748079776763916,0.008816003799438477,0.02448892593383789,0.005654811859130859,0.887969970703125,3.7092342376708984,1,13.47987126081204,27.679423443894297,56.308210468433174,Phase 0 (1 Files)
1.1031148433685303,0.0993049144744873,1.200901985168457,0.0009417533874511719,0.28723621368408203,0.23923087120056152,1.4042549133300781,4.336297035217285,10,23.06115083626626,90.65239272334934,71.21214179187595,Phase 1 (10 Files)
1.454040765762329,0.0003368854522705078,1.4989228248596191,0.0025129318237304688,0.05487179756164551,0.012865066528320312,1.5189769268035889,4.544503927230835,100,33.00690293195578,103.16079406574102,98.7506770860883,Phase 2 (100 Files)
1.616393804550171,0.00032210350036621094,1.2504620552062988,0.0035190582275390625,0.08611011505126953,0.001764059066772461,1.2525157928466797,4.212415933609009,1000,249.26313463552188,649.5941750359569,838.3127829578835,Phase 3 (1000 Files)
